scrp_date,scrp_time,genre_en,genre_jp,rank,media_jp,title,comment,link,date_original
2026-08-17,06:27,business,経済,1,朝日新聞,N/A,89,https://news.yahoo.co.jp/articles/ada1400a54e416f36a1ccd33294366c0b0387bb1,8/16(日) 11:00
2026-08-17,06:27,business,経済,2,読売新聞オンライン,N/A,41,https://news.yahoo.co.jp/articles/b12c70eea1870fe6d19b036884a06ae0c00729ef,8/16(日) 22:30
2026-08-17,06:27,business,経済,3,ダイヤモンド・オンライン,N/A,30,https://news.yahoo.co.jp/articles/d8b3eab90cbeb194408d56215de9a83a40311f96,8/17(月) 6:00
2026-08-17,06:27,business,経済,4,TBS NEWS DIG Powered by JNN,N/A,25,https://news.yahoo.co.jp/articles/cb409123bbda24a32f707c0a975b96bbf631a200,8/16(日) 7:00
2026-08-17,06:27,business,経済,5,東洋経済オンライン,N/A,22,https://news.yahoo.co.jp/articles/078c818f62764a980c5ada9ee51f30109e04c3ee,8/16(日) 6:30
2026-08-17,06:27,business,経済,6,マネーポストWEB,N/A,20,https://news.yahoo.co.jp/articles/3b74791abf74cab9d31840e890f319e2e6e88c2a,8/16(日) 7:15
2026-08-17,06:27,business,経済,7,東洋経済オンライン,N/A,18,https://news.yahoo.co.jp/articles/51c2311b9d12babbe612f629240706b6e45ad8a7,8/17(月) 5:00
2026-08-17,06:27,business,経済,8,ファイナンシャルフィールド,N/A,16,https://news.yahoo.co.jp/articles/f5fedca4a9296e1373f1957300bec6253bf094c1,8/16(日) 8:20
2026-08-17,06:27,business,経済,9,マネーポストWEB,N/A,16,https://news.yahoo.co.jp/articles/9d6bda33d2464138165fd033bcdf467334817f8a,8/16(日) 15:15
2026-08-17,06:27,business,経済,10,MotorFan,N/A,14,https://news.yahoo.co.jp/articles/1a3205998b29bba81fee6f8589224740e0e619e0,8/16(日) 12:03
2026-08-17,06:27,business,経済,11,THE GOLD ONLINE（ゴールドオンライン）,N/A,13,https://news.yahoo.co.jp/articles/d3cdc0c53d3609fae27e5d20895db656f485d9e4,8/16(日) 11:15
2026-08-17,06:27,business,経済,12,ダイヤモンド・オンライン,N/A,13,https://news.yahoo.co.jp/articles/99d29e71b89c153c743643a63ba7f24e29e8ff6c,8/16(日) 6:36
2026-08-17,06:27,business,経済,13,ファイナンシャルフィールド,N/A,13,https://news.yahoo.co.jp/articles/576d73767d4564ee2e52383de17966f23a488fc8,8/16(日) 14:30
2026-08-17,06:27,business,経済,14,東洋経済オンライン,N/A,10,https://news.yahoo.co.jp/articles/9d56256e41700701d06a060d4c81195d010daaf0,8/17(月) 5:30
2026-08-17,06:27,business,経済,15,ファイナンシャルフィールド,N/A,10,https://news.yahoo.co.jp/articles/3f94157d3e5cdcef545a9c8de0c820d9e89d5807,8/16(日) 9:40
2026-08-17,06:27,business,経済,16,読売新聞オンライン,N/A,10,https://news.yahoo.co.jp/articles/fc31aba9b2225e0ee8dda54f0dd6329de5d9105c,8/16(日) 19:00
2026-08-17,06:27,business,経済,17,TBS CROSS DIG with Bloomberg,N/A,8,https://news.yahoo.co.jp/articles/8bcce9bea54c017d4035b9724cce647bfee86c60,8/17(月) 5:02
2026-08-17,06:27,business,経済,18,THE GOLD ONLINE（ゴールドオンライン）,N/A,8,https://news.yahoo.co.jp/articles/bb8d205ee558bbd8d4892e622dfde7c59fa7a983,8/16(日) 18:00
2026-08-17,06:27,business,経済,19,ファイナンシャルフィールド,N/A,8,https://news.yahoo.co.jp/articles/61fb4639fbdadd14e6b674a091781119e9032416,8/16(日) 19:50
2026-08-17,06:27,business,経済,20,THE GOLD ONLINE（ゴールドオンライン）,N/A,8,https://news.yahoo.co.jp/articles/e5da854bda761f4977cf535711d6dd4d7ad1e8ad,8/16(日) 10:30
2026-08-17,06:27,business,経済,21,LIMO,N/A,7,https://news.yahoo.co.jp/articles/988ff9cd16eb588b066ed996383492e8185920bc,8/16(日) 20:25
2026-08-17,06:27,business,経済,22,読売新聞オンライン,N/A,7,https://news.yahoo.co.jp/articles/7bd9bba951e1e34b160919f7d1d10016520799cf,8/16(日) 22:30
2026-08-17,06:27,business,経済,23,LIMO,N/A,7,https://news.yahoo.co.jp/articles/4cd8a19d5901a139734608ad3005602d04afae4f,8/16(日) 12:55
2026-08-17,06:27,business,経済,24,LIMO,N/A,7,https://news.yahoo.co.jp/articles/2cbda74929e5a8926eeb136ded419ccea404e328,8/16(日) 17:10
2026-08-17,06:27,business,経済,25,読売新聞オンライン,N/A,7,https://news.yahoo.co.jp/articles/ceedc2b2f2fce2a5c82f44135e536ae0c2f2ce50,8/16(日) 8:00
2026-08-17,06:27,business,経済,26,東洋経済オンライン,N/A,7,https://news.yahoo.co.jp/articles/c0941b1271711a2c214df64d2a3c63942872e6de,8/17(月) 4:30
2026-08-17,06:27,business,経済,27,ファイナンシャルフィールド,N/A,6,https://news.yahoo.co.jp/articles/c4329db6f69cba7322d56ec74fbe679d3420e9ef,8/16(日) 14:40
2026-08-17,06:27,business,経済,28,ファイナンシャルフィールド,N/A,6,https://news.yahoo.co.jp/articles/f0b4f50c9e7b79835e912d348810396d50e36e69,8/16(日) 13:50
2026-08-17,06:27,business,経済,29,マネーポストWEB,N/A,6,https://news.yahoo.co.jp/articles/7b52cb23f4010f3f8bb0a88055e4664d5f59d543,8/16(日) 16:15
2026-08-17,06:27,business,経済,30,MotorFan,N/A,6,https://news.yahoo.co.jp/articles/264cf53763d25524f2acf2a2791d771e46ab5b28,8/16(日) 17:00
2026-08-17,06:27,business,経済,31,鉄道コム,N/A,6,https://news.yahoo.co.jp/articles/e1c31eaf31764f4d06f99681c0ae6e2e50a32271,8/16(日) 10:35
2026-08-17,06:27,business,経済,32,LIMO,N/A,6,https://news.yahoo.co.jp/articles/080ac0bec2c6b2ba23a3beda98e45040f93678b9,8/16(日) 18:25
2026-08-17,06:27,business,経済,33,プレジデントオンライン,N/A,6,https://news.yahoo.co.jp/articles/a581b91712e26b165708250daa2e2b1866a0b523,8/16(日) 17:15
2026-08-17,06:27,business,経済,34,乗りものニュース,N/A,5,https://news.yahoo.co.jp/articles/24bb77695752f0d438c8c437a7089aeb97d03871,8/16(日) 17:12
2026-08-17,06:27,business,経済,35,マネーポストWEB,N/A,5,https://news.yahoo.co.jp/articles/48208dda54f854862c095a44c859e13e177b3164,8/16(日) 15:15
2026-08-17,06:27,business,経済,36,乗りものニュース,N/A,5,https://news.yahoo.co.jp/articles/68258e82306f1d676712880a7d65a9f59bd5b785,8/16(日) 16:12
2026-08-17,06:27,business,経済,37,ファイナンシャルフィールド,N/A,5,https://news.yahoo.co.jp/articles/d88a4249a94458a374421a3e8da67f2c47c6d5a5,8/16(日) 9:10
2026-08-17,06:27,business,経済,38,MotorFan,N/A,5,https://news.yahoo.co.jp/articles/6719d67b7c3a6906f5667be37be216ece5d24d91,8/16(日) 15:03
2026-08-17,06:27,business,経済,39,ファイナンシャルフィールド,N/A,5,https://news.yahoo.co.jp/articles/3b59d4d9256a1c4bcaab2ffa1ce9c53a30434578,8/16(日) 12:50
2026-08-17,06:27,business,経済,40,LIMO,N/A,5,https://news.yahoo.co.jp/articles/37c79b36362c73506a9d6863aa66fe0368ead682,8/17(月) 4:40
